<?xml version="1.0" encoding="UTF-8" ?>
<!DOCTYPE mapper
  PUBLIC "-//mybatis.org//DTD Mapper 3.0//EN"
  "https://mybatis.org/dtd/mybatis-3-mapper.dtd">
<mapper namespace="NoticeMapper">

	<!-- 글 목록 보기 -->
	<select id="list" resultType="NoticeDTO">
		select no,title,author,content,to_char(writeday,'yyyy/mm/dd') as writeday, readcnt
		from notice
		order by no desc
	</select>

	<!-- 글 작성 -->
	<insert id="write" parameterType="NoticeDTO">
		insert into notice ( no,title,author,content)
		values (notice_seq.nextval, #{title}, #{author},#{content})
	</insert>

	<!-- 글 자세히 보기 -->
	<select id="retrieve" parameterType="int" resultType="NoticeDTO">
		select no,title,author,content,to_char(writeday,'yyyy-mm-dd') as writeday, readcnt
		from notice
		where no = #{no}
	</select>

	<!-- 조회수 증가 -->
	<update id="readcnt" parameterType="int">
		update notice
		set readcnt = readcnt + 1
		where no = #{no}
	</update>

	<!-- 글 수정 -->
	<update id="update" parameterType="NoticeDTO">
		update notice
		set title =#{title}, author =#{author}, content=#{content}
		where no=#{no}
	</update>

	<!-- 글 삭제 -->
	<delete id="delete" parameterType="int">
		delete from notice
		where no=#{no}
	</delete>
	
	<!-- 전체 글 갯수 -->
 	<select id="totalCount" resultType="int">
 		select count(*)
 		from notice
 	</select>


</mapper>